{"cameraMode":{"drawMode":0,"name":"Shaded","section":"Shading Mode"},"sceneLighting":true,"audioPlay":false,"sceneViewState":{"m_AlwaysRefresh":false,"showFog":true,"showSkybox":true,"showFlares":true,"showImageEffects":true,"showParticleSystems":true,"showVisualEffectGraphs":true,"m_FxEnabled":true},"in2DMode":false,"pivot":{"x":-7.583119869232178,"y":5.7246856689453129,"z":1.6537284851074219},"rotation":{"x":0.14964906871318818,"y":0.7810848355293274,"z":-0.20486170053482057,"w":0.5705763101577759},"size":3.9535887241363527,"orthographic":true}